category,name,url,id,description,image_url
Infrastructure,All Applications,,,,
Infrastructure,Home,,,,
Infrastructure,All Applications,,,,
Infrastructure,All Applications,,,,
Infrastructure,All Applications,,,,
Infrastructure,109 ResultsUse quotes for exact search,,,,
Infrastructure,109 Results,,,,
Infrastructure,Use quotes for exact search,,,,
Infrastructure,Hide Filters,,,,
Infrastructure,Hide Filters,,,,
Infrastructure,Hide Filters,,,,
Infrastructure,Hide Filters,,,,
Infrastructure,Sort By,,,,
Infrastructure,View Mode,,,,
Infrastructure,Now Available on AppDirect,https://catalog.appdirect.com/en-US/apps/392151/performive,392151,"Google Cloud Platform
Whether your business is early in its journey or well on its way to digital transformation, Google Cloud can help solve your toughest challenges.",https://d3bql97l1ytoxn.cloudfront.net/386bade8-6d35-4ca1-abc7-3f05e6c933df/3310cf7f-90cd-4688-af98-66f648af4ee2.png
Infrastructure,Acronis,https://catalog.appdirect.com/en-US/apps/320559/acronis,320559,,https://d3bql97l1ytoxn.cloudfront.net/app_resources/320559/thumbs_64/img2264193756552649157.png
Infrastructure,Acronis,,,,https://d3bql97l1ytoxn.cloudfront.net/app_resources/320559/thumbs_64/img2264193756552649157.png
Infrastructure,Acronis,,,,
Infrastructure,Google Cloud Platform,https://catalog.appdirect.com/en-US/apps/392151/performive,392151,"Google Cloud Platform
Whether your business is early in its journey or well on its way to digital transformation, Google Cloud can help solve your toughest challenges.",https://d3bql97l1ytoxn.cloudfront.net/app_resources/443509/thumbs_64/img854362136099647374.png
Infrastructure,Google Cloud Platform,https://catalog.appdirect.com/en-US/apps/392151/performive,392151,"Google Cloud Platform
Whether your business is early in its journey or well on its way to digital transformation, Google Cloud can help solve your toughest challenges.",https://d3bql97l1ytoxn.cloudfront.net/app_resources/443509/thumbs_64/img854362136099647374.png
Infrastructure,Google Cloud Platform,https://catalog.appdirect.com/en-US/apps/443509/google-cloud-platform,443509,"Google Cloud Platform
Whether your business is early in its journey or well on its way to digital transformation, Google Cloud can help solve your toughest challenges.",https://d3bql97l1ytoxn.cloudfront.net/app_resources/443509/thumbs_64/img854362136099647374.png
Infrastructure,Google Cloud Platform,,,,
Infrastructure,Google Cloud Platform,,,,
Infrastructure,Google Cloud Platform,,,"Google Cloud Platform
Whether your business is early in its journey or well on its way to digital transformation, Google Cloud can help solve your toughest challenges.",https://d3bql97l1ytoxn.cloudfront.net/app_resources/443509/thumbs_64/img854362136099647374.png
Infrastructure,Google Cloud Platform,,,"Google Cloud Platform
Whether your business is early in its journey or well on its way to digital transformation, Google Cloud can help solve your toughest challenges.",
Infrastructure,Google Cloud Platform,,,"Google Cloud Platform
Whether your business is early in its journey or well on its way to digital transformation, Google Cloud can help solve your toughest challenges.",
Infrastructure,Google Cloud Platform,,,,
Infrastructure,Google Cloud Platform,,,,
Infrastructure,"Whether your business is early in its journey or well on its way to digital transformation, Google Cloud can help solve your toughest challenges.",,,,
Infrastructure,(20),,,,
Infrastructure,(20),,,,
Infrastructure,Compare,,,,
Infrastructure,Microsoft Azure Plan,https://catalog.appdirect.com/en-US/apps/328840/microsoft-azure-plan,328840,"Microsoft Azure Plan
Build, run and manage applications across multiple clouds, on-premises, and at the edge.",https://d3bql97l1ytoxn.cloudfront.net/app_resources/328840/thumbs_64/img8592538226143733140.png
Infrastructure,Microsoft Azure Plan,,,,
Infrastructure,Microsoft Azure Plan,,,,
Infrastructure,Microsoft Azure Plan,,,"Microsoft Azure Plan
Build, run and manage applications across multiple clouds, on-premises, and at the edge.",https://d3bql97l1ytoxn.cloudfront.net/app_resources/328840/thumbs_64/img8592538226143733140.png
Infrastructure,Microsoft Azure Plan,,,"Microsoft Azure Plan
Build, run and manage applications across multiple clouds, on-premises, and at the edge.",
Infrastructure,Microsoft Azure Plan,,,"Microsoft Azure Plan
Build, run and manage applications across multiple clouds, on-premises, and at the edge.",
Infrastructure,Microsoft Azure Plan,,,,
Infrastructure,Microsoft Azure Plan,,,,
Infrastructure,"Build, run and manage applications across multiple clouds, on-premises, and at the edge.",,,,
Infrastructure,(2124),,,,
Infrastructure,(2124),,,,
Infrastructure,Compare,,,,
Infrastructure,Rackspace Technology Private Cloud,https://catalog.appdirect.com/en-US/apps/258015/rackspace-technology-private-cloud,258015,"Rackspace Technology Private Cloud
Modern private cloud offering high levels of performance and security with versatility.",https://d3bql97l1ytoxn.cloudfront.net/app_resources/258015/thumbs_64/img7725667974129748537.png
Infrastructure,Rackspace Technology Private Cloud,,,,
Infrastructure,Rackspace Technology Private Cloud,,,,
Infrastructure,Rackspace Technology Private Cloud,,,"Rackspace Technology Private Cloud
Modern private cloud offering high levels of performance and security with versatility.",https://d3bql97l1ytoxn.cloudfront.net/app_resources/258015/thumbs_64/img7725667974129748537.png
Infrastructure,Rackspace Technology Private Cloud,,,"Rackspace Technology Private Cloud
Modern private cloud offering high levels of performance and security with versatility.",
Infrastructure,Rackspace Technology Private Cloud,,,"Rackspace Technology Private Cloud
Modern private cloud offering high levels of performance and security with versatility.",
Infrastructure,Rackspace Technology Private Cloud,,,,
Infrastructure,Rackspace Technology Private Cloud,,,,
Infrastructure,Modern private cloud offering high levels of performance and security with versatility.,,,,
Infrastructure,(49),,,,
Infrastructure,(49),,,,
Infrastructure,Compare,,,,
Infrastructure,Equinix Platform,https://catalog.appdirect.com/en-US/apps/299790/equinix-platform,299790,"Equinix Platform
When you build your digital business platform with Equinix, you dynamically interconnect with the world’s largest ecosystem of people, clouds, data and things. With 210+ International Business Exchange™ IBX® data centers on 5 continents and 99.9999% global uptime, Platform Equinix™ gives you unparalleled access to 52 major markets and lets you reach every destination on demand.",https://d3bql97l1ytoxn.cloudfront.net/app_resources/299790/thumbs_64/img6217574120930781425.png
Infrastructure,Equinix Platform,,,,
Infrastructure,Equinix Platform,,,,
Infrastructure,Equinix Platform,,,"Equinix Platform
When you build your digital business platform with Equinix, you dynamically interconnect with the world’s largest ecosystem of people, clouds, data and things. With 210+ International Business Exchange™ IBX® data centers on 5 continents and 99.9999% global uptime, Platform Equinix™ gives you unparalleled access to 52 major markets and lets you reach every destination on demand.",https://d3bql97l1ytoxn.cloudfront.net/app_resources/299790/thumbs_64/img6217574120930781425.png
Infrastructure,Equinix Platform,,,"Equinix Platform
When you build your digital business platform with Equinix, you dynamically interconnect with the world’s largest ecosystem of people, clouds, data and things. With 210+ International Business Exchange™ IBX® data centers on 5 continents and 99.9999% global uptime, Platform Equinix™ gives you unparalleled access to 52 major markets and lets you reach every destination on demand.",
Infrastructure,Equinix Platform,,,"Equinix Platform
When you build your digital business platform with Equinix, you dynamically interconnect with the world’s largest ecosystem of people, clouds, data and things. With 210+ International Business Exchange™ IBX® data centers on 5 continents and 99.9999% global uptime, Platform Equinix™ gives you unparalleled access to 52 major markets and lets you reach every destination on demand.",
Infrastructure,Equinix Platform,,,,
Infrastructure,Equinix Platform,,,,
Infrastructure,"When you build your digital business platform with Equinix, you dynamically interconnect with the world’s largest ecosystem of people, clouds, data and things. With 210+ International Business Exchange™ IBX® data centers on 5 continents and 99.9999% global uptime, Platform Equinix™ gives you unparalleled access to 52 major markets and lets you reach every destination on demand.",,,,
Infrastructure,(11),,,,
Infrastructure,(11),,,,
Infrastructure,Compare,,,,
Infrastructure,GTT Communications Colocation,https://catalog.appdirect.com/en-US/apps/312444/gtt-communications-colocation,312444,"GTT Communications Colocation
Carrier services offering perimeter security, on-site staff, CCTV, intrusion detection & monitoring.",https://d3bql97l1ytoxn.cloudfront.net/app_resources/312444/thumbs_64/img1531388135712909940.png
Infrastructure,GTT Communications Colocation,,,,
Infrastructure,GTT Communications Colocation,,,,
Infrastructure,GTT Communications Colocation,,,"GTT Communications Colocation
Carrier services offering perimeter security, on-site staff, CCTV, intrusion detection & monitoring.",https://d3bql97l1ytoxn.cloudfront.net/app_resources/312444/thumbs_64/img1531388135712909940.png
Infrastructure,GTT Communications Colocation,,,"GTT Communications Colocation
Carrier services offering perimeter security, on-site staff, CCTV, intrusion detection & monitoring.",
Infrastructure,GTT Communications Colocation,,,"GTT Communications Colocation
Carrier services offering perimeter security, on-site staff, CCTV, intrusion detection & monitoring.",
Infrastructure,GTT Communications Colocation,,,,
Infrastructure,GTT Communications Colocation,,,,
Infrastructure,"Carrier services offering perimeter security, on-site staff, CCTV, intrusion detection & monitoring.",,,,
Infrastructure,Compare,,,,
Infrastructure,Compare,,,,
Infrastructure,123NET Data Center & Colocation Services,https://catalog.appdirect.com/en-US/apps/299799/123net-data-center-colocation-services,299799,"123NET Data Center & Colocation Services
Colocate your infrastructure in a cost-effective, secure & highly connected data center.",https://d3bql97l1ytoxn.cloudfront.net/app_resources/299799/thumbs_64/img8623416854197678516.png
Infrastructure,123NET Data Center & Colocation Services,,,,
Infrastructure,123NET Data Center & Colocation Services,,,,
Infrastructure,123NET Data Center & Colocation Services,,,"123NET Data Center & Colocation Services
Colocate your infrastructure in a cost-effective, secure & highly connected data center.",https://d3bql97l1ytoxn.cloudfront.net/app_resources/299799/thumbs_64/img8623416854197678516.png
Infrastructure,123NET Data Center & Colocation Services,,,"123NET Data Center & Colocation Services
Colocate your infrastructure in a cost-effective, secure & highly connected data center.",
Infrastructure,123NET Data Center & Colocation Services,,,"123NET Data Center & Colocation Services
Colocate your infrastructure in a cost-effective, secure & highly connected data center.",
Infrastructure,123NET Data Center & Colocation Services,,,,
Infrastructure,123NET Data Center & Colocation Services,,,,
Infrastructure,"Colocate your infrastructure in a cost-effective, secure & highly connected data center.",,,,
Infrastructure,Compare,,,,
Infrastructure,Compare,,,,
Infrastructure,US Signal Colocation,https://catalog.appdirect.com/en-US/apps/299805/us-signal-colocation,299805,"US Signal Colocation
Protect & connect IT assets in colocation facilities with space, power, scalability & security.",https://d3bql97l1ytoxn.cloudfront.net/app_resources/299805/thumbs_64/img3765178960492182926.png
Infrastructure,US Signal Colocation,,,,
Infrastructure,US Signal Colocation,,,,
Infrastructure,US Signal Colocation,,,"US Signal Colocation
Protect & connect IT assets in colocation facilities with space, power, scalability & security.",https://d3bql97l1ytoxn.cloudfront.net/app_resources/299805/thumbs_64/img3765178960492182926.png
Infrastructure,US Signal Colocation,,,"US Signal Colocation
Protect & connect IT assets in colocation facilities with space, power, scalability & security.",
Infrastructure,US Signal Colocation,,,"US Signal Colocation
Protect & connect IT assets in colocation facilities with space, power, scalability & security.",
Infrastructure,US Signal Colocation,,,,
Infrastructure,US Signal Colocation,,,,
Infrastructure,"Protect & connect IT assets in colocation facilities with space, power, scalability & security.",,,,
Infrastructure,Compare,,,,
Infrastructure,Compare,,,,
Infrastructure,US Signal Disaster Recovery,https://catalog.appdirect.com/en-US/apps/299808/us-signal-disaster-recovery,299808,"US Signal Disaster Recovery
DRaaS platform that protects from data loss & ensures continuity in the event of a disaster.",https://d3bql97l1ytoxn.cloudfront.net/app_resources/299808/thumbs_64/img5348959401776301499.png
Infrastructure,US Signal Disaster Recovery,,,,
Infrastructure,US Signal Disaster Recovery,,,,
Infrastructure,US Signal Disaster Recovery,,,"US Signal Disaster Recovery
DRaaS platform that protects from data loss & ensures continuity in the event of a disaster.",https://d3bql97l1ytoxn.cloudfront.net/app_resources/299808/thumbs_64/img5348959401776301499.png
Infrastructure,US Signal Disaster Recovery,,,"US Signal Disaster Recovery
DRaaS platform that protects from data loss & ensures continuity in the event of a disaster.",
Infrastructure,US Signal Disaster Recovery,,,"US Signal Disaster Recovery
DRaaS platform that protects from data loss & ensures continuity in the event of a disaster.",
Infrastructure,US Signal Disaster Recovery,,,,
Infrastructure,US Signal Disaster Recovery,,,,
Infrastructure,DRaaS platform that protects from data loss & ensures continuity in the event of a disaster.,,,,
Infrastructure,Compare,,,,
Infrastructure,Compare,,,,
Infrastructure,Iron Mountain Data Centers,https://catalog.appdirect.com/en-US/apps/326229/iron-mountain-data-centers,326229,"Iron Mountain Data Centers
Colocation platform enabling customers to build tailored carrier & cloud-neutral data solutions.",https://d3bql97l1ytoxn.cloudfront.net/app_resources/326229/thumbs_64/img8829504296012098961.png
Infrastructure,Iron Mountain Data Centers,,,,
Infrastructure,Iron Mountain Data Centers,,,,
Infrastructure,Iron Mountain Data Centers,,,"Iron Mountain Data Centers
Colocation platform enabling customers to build tailored carrier & cloud-neutral data solutions.",https://d3bql97l1ytoxn.cloudfront.net/app_resources/326229/thumbs_64/img8829504296012098961.png
Infrastructure,Iron Mountain Data Centers,,,"Iron Mountain Data Centers
Colocation platform enabling customers to build tailored carrier & cloud-neutral data solutions.",
Infrastructure,Iron Mountain Data Centers,,,"Iron Mountain Data Centers
Colocation platform enabling customers to build tailored carrier & cloud-neutral data solutions.",
Infrastructure,Iron Mountain Data Centers,,,,
Infrastructure,Iron Mountain Data Centers,,,,
Infrastructure,Colocation platform enabling customers to build tailored carrier & cloud-neutral data solutions.,,,,
Infrastructure,Compare,,,,
Infrastructure,Compare,,,,
Infrastructure,Flexential Colocation,https://catalog.appdirect.com/en-US/apps/326014/flexential-colocation,326014,"Flexential Colocation
Safe data center colocation service offering high-density power capabilities & geographic proximity.",https://d3bql97l1ytoxn.cloudfront.net/app_resources/326014/thumbs_64/img2867830139557867051.png
Infrastructure,Flexential Colocation,,,,
Infrastructure,Flexential Colocation,,,,
Infrastructure,Flexential Colocation,,,"Flexential Colocation
Safe data center colocation service offering high-density power capabilities & geographic proximity.",https://d3bql97l1ytoxn.cloudfront.net/app_resources/326014/thumbs_64/img2867830139557867051.png
Infrastructure,Flexential Colocation,,,"Flexential Colocation
Safe data center colocation service offering high-density power capabilities & geographic proximity.",
Infrastructure,Flexential Colocation,,,"Flexential Colocation
Safe data center colocation service offering high-density power capabilities & geographic proximity.",
Infrastructure,Flexential Colocation,,,,
Infrastructure,Flexential Colocation,,,,
Infrastructure,Safe data center colocation service offering high-density power capabilities & geographic proximity.,,,,
Infrastructure,Compare,,,,
Infrastructure,Compare,,,,
Infrastructure,QTS Hybrid Colocation,https://catalog.appdirect.com/en-US/apps/314089/qts-hybrid-colocation,314089,"QTS Hybrid Colocation
Secure, resilient colocation with flexible control, real-time analytics, visibility & more.",https://d3bql97l1ytoxn.cloudfront.net/app_resources/314089/thumbs_64/img8381087033729197147.png
Infrastructure,QTS Hybrid Colocation,,,,
Infrastructure,QTS Hybrid Colocation,,,,
Infrastructure,QTS Hybrid Colocation,,,"QTS Hybrid Colocation
Secure, resilient colocation with flexible control, real-time analytics, visibility & more.",https://d3bql97l1ytoxn.cloudfront.net/app_resources/314089/thumbs_64/img8381087033729197147.png
Infrastructure,QTS Hybrid Colocation,,,"QTS Hybrid Colocation
Secure, resilient colocation with flexible control, real-time analytics, visibility & more.",
Infrastructure,QTS Hybrid Colocation,,,"QTS Hybrid Colocation
Secure, resilient colocation with flexible control, real-time analytics, visibility & more.",
Infrastructure,QTS Hybrid Colocation,,,,
Infrastructure,QTS Hybrid Colocation,,,,
Infrastructure,"Secure, resilient colocation with flexible control, real-time analytics, visibility & more.",,,,
Infrastructure,Compare,,,,
Infrastructure,Compare,,,,
Infrastructure,Performive,https://catalog.appdirect.com/en-US/apps/392151/performive,392151,"Performive
Performive is the Secure, VMware-centric Managed Multicloud Provider Built for Mid-Size Companies. Mid-sized companies across the globe are faced with changing internal processes and customer expectations. With limited internal IT staff and fixed budgets, delivering on these expectations is an impossible challenge. Performive specializes in partnering with growing SMBs and Mid-sized companies by delivering secure, VMware-based cloud solutions, along with on-demand engineering resources and 24/7/365 Devoted Customer Support.",https://d3bql97l1ytoxn.cloudfront.net/app_resources/392151/thumbs_64/img3576317778489423885.png
Infrastructure,Performive,,,,
Infrastructure,Performive,,,,
Infrastructure,Performive,,,"Performive
Performive is the Secure, VMware-centric Managed Multicloud Provider Built for Mid-Size Companies. Mid-sized companies across the globe are faced with changing internal processes and customer expectations. With limited internal IT staff and fixed budgets, delivering on these expectations is an impossible challenge. Performive specializes in partnering with growing SMBs and Mid-sized companies by delivering secure, VMware-based cloud solutions, along with on-demand engineering resources and 24/7/365 Devoted Customer Support.",https://d3bql97l1ytoxn.cloudfront.net/app_resources/392151/thumbs_64/img3576317778489423885.png
Infrastructure,Performive,,,"Performive
Performive is the Secure, VMware-centric Managed Multicloud Provider Built for Mid-Size Companies. Mid-sized companies across the globe are faced with changing internal processes and customer expectations. With limited internal IT staff and fixed budgets, delivering on these expectations is an impossible challenge. Performive specializes in partnering with growing SMBs and Mid-sized companies by delivering secure, VMware-based cloud solutions, along with on-demand engineering resources and 24/7/365 Devoted Customer Support.",
Infrastructure,Performive,,,"Performive
Performive is the Secure, VMware-centric Managed Multicloud Provider Built for Mid-Size Companies. Mid-sized companies across the globe are faced with changing internal processes and customer expectations. With limited internal IT staff and fixed budgets, delivering on these expectations is an impossible challenge. Performive specializes in partnering with growing SMBs and Mid-sized companies by delivering secure, VMware-based cloud solutions, along with on-demand engineering resources and 24/7/365 Devoted Customer Support.",
Infrastructure,Performive,,,,
Infrastructure,Performive,,,,
Infrastructure,"Performive is the Secure, VMware-centric Managed Multicloud Provider Built for Mid-Size Companies. Mid-sized companies across the globe are faced with changing internal processes and customer expectations. With limited internal IT staff and fixed budgets, delivering on these expectations is an impossible challenge. Performive specializes in partnering with growing SMBs and Mid-sized companies by delivering secure, VMware-based cloud solutions, along with on-demand engineering resources and 24/7/365 Devoted Customer Support.",,,,
Infrastructure,Compare,,,,
Infrastructure,Compare,,,,
Infrastructure,109 Results,,,,
Infrastructure,109 Results,,,,
Infrastructure,109 Results,,,,
Infrastructure,1,,,,
Infrastructure,1,,,,
Infrastructure,Back to top,,,,
Infrastructure,Back to top,,,,
